price,name,brand,size,color,desc,category
100,After Hours Hoodie,VLONE X The Weeknd,Small,Black,This is a limited edition colloboration between the weeknd and Vlone to celebrate the release of his 4th studio album,jackets
400,Akira Arm Hoodie,Supreme X Akira,Small,Black,"Supreme and Akira have teamed up to celebrate the beloved anime movie through the release of an extremly limited quantity production run of tees, jackets & accessories featuring iconic moments from the anime movie",jackets
600,Akira Neo Tokyo Hoodie,Supreme X Akira,Small,Black,"Supreme and Akira have teamed up to celebrate the beloved anime movie through the release of an extremly limited quantity production run of tees, jackets & accessories featuring iconic moments from the anime movie",jackets
350,Akira Yamagata Hoodie,Supreme X Akira,Small,Black,"Supreme and Akira have teamed up to celebrate the beloved anime movie through the release of an extremly limited quantity production run of tees, jackets & accessories featuring iconic moments from the anime movie",jackets
350,Logo Slash Hoodie,Comme Des Garcon X Supreme,Small,Black,"France and New York clash in a collobration of the streetware giants, this limited colloboration between comme des garcon and supreme spans across multiple pieces each uniquley blending their brand's culture",jackets
350,Comme Des Garcon X Supreme “Shirt” Hoodie,Comme Des Garcon X Supreme,Small,Black,"France and New York clash in a collobration of the streetware giants, this limited colloboration between comme des garcon and supreme spans across multiple pieces each uniquley blending their brand's culture",jackets
100,After Hours Crewneck,VLONE X The Weeknd,Small,Black,This is a limited edition colloboration between the weeknd and Vlone to celebrate the release of his 4th studio album,jackets
400,Akira Arm Crewneck,Supreme X Akira,Small,Black,"Supreme and Akira have teamed up to celebrate the beloved anime movie through the release of an extremly limited quantity production run of tees, jackets & accessories featuring iconic moments from the anime movie",jackets
600,Akira Neo Tokyo Crewneck,Supreme X Akira,Small,Black,"Supreme and Akira have teamed up to celebrate the beloved anime movie through the release of an extremly limited quantity production run of tees, jackets & accessories featuring iconic moments from the anime movie",jackets
600,Akira Neo Tokyo Crewneck,Supreme X Akira,Small,Black,"Supreme and Akira have teamed up to celebrate the beloved anime movie through the release of an extremly limited quantity production run of tees, jackets & accessories featuring iconic moments from the anime movie",tees
350,Akira Yamagata Crewneck,Supreme X Akira,Small,Black,"Supreme and Akira have teamed up to celebrate the beloved anime movie through the release of an extremly limited quantity production run of tees, jackets & accessories featuring iconic moments from the anime movie",jackets
350,Logo Slash Crewneck,Comme Des Garcon X Supreme,Small,Black,"France and New York clash in a collobration of the streetware giants, this limited colloboration between comme des garcon and supreme spans across multiple pieces each uniquley blending their brand's culture",jackets
350,Comme Des Garcon X Supreme “Shirt” Crewneck,Comme Des Garcon X Supreme,Small,Black,"France and New York clash in a collobration of the streetware giants, this limited colloboration between comme des garcon and supreme spans across multiple pieces each uniquley blending their brand's culture",jackets